,X,month,LongDes,sum.ItemQuant.
1,68,1,BB ALMOND BAR SINGLE 1EA,13
2,69,1,BB BANANA FUDGE BAR,266
3,70,1,BB BDAY PARTY SNDWCH 8PK,30
4,71,1,BB BULLETS 24EA,130
5,72,1,BB CHAMP VAR PK CONES,47
6,73,1,BB CHOC & VAN CUPS 12EA,293
7,74,1,"BB CHOC CHIP COOKIE SINGLE 5,25OZ",160
8,75,1,BB CHOC CHRY BARS 12PK,53
9,76,1,BB CHOC FUDGE BAR,77
10,77,1,BB CKS/CREAM SANDWICH SINGLE 1EA,208
11,78,1,BB CNTRY CONE CKS/CRM SGL 1EA,200
12,79,1,BB CNTRY CONE VANILLA SINGLE 1EA,212
13,80,1,BB CREME POPS 24EA,56
14,81,1,BB DIPPED COCONUT FRT BARS,132
15,82,1,BB FUDGE BOMBSTIK SINGLE 1EA,473
16,83,1,BB GREAT DIVIDE SINGLES 1EA,13
17,84,1,BB HOMEMADE VANILLA CUP SGL 1EA,181
18,85,1,BB ICE CREAM SANDWICH 12EA,271
19,86,1,BB ICE CREAM SANDWICH SINGLE 1EA,203
20,87,1,BB KRUNCH BAR SINGLE 1EA,69
21,88,1,BB LIME FRUIT BAR SNGLE,16
22,89,1,BB MINI SANDWICH 24EA,195
23,90,1,BB MINI SWIRL CRML CONES 18OZ,51
24,91,1,BB MINT CCHIP BARS,106
25,92,1,BB MIXED BERRIES FRT BARS,173
26,93,1,"BB NEAO SANDWICH SINGLE 5,75OZ",88
27,94,1,BB NSA MOOO BARS 12EA,100
28,95,1,BB RAINBOW FREEZE SINGLE 1EA,171
29,96,1,BB RAINBOW POP UPS SINGLE 1EA,98
30,97,1,BB SMPLY VAN SNCWCH 8PK,50
31,98,1,BB STRW FRUIT BARS,501
32,99,1,BB SUNDAE CUPS,99
33,100,1,BB TRPL DLGHT SNDWCH 8PK,47
34,110,1,BLUE BELL AST SHERBET 32OZ,516
35,111,1,BLUE BELL BANANA POPS,189
36,112,1,BLUE BELL BRTHDAY CK CUPS 12EA,99
37,113,1,BLUE BELL CHOC ECLAIR BAR 1EA,1
38,114,1,BLUE BELL COCONUT FRUIT BARS,184
39,115,1,BLUE BELL COTTON CANDY BARS,71
40,116,1,BLUE BELL DBL VNLA IC SNDW 1EA,69
41,117,1,BLUE BELL DREAM BAR,201
42,118,1,BLUE BELL HMADE VAN CUPS 12EA,371
43,119,1,BLUE BELL KRUNCH BARS 12EA,383
44,120,1,BLUE BELL LIME FRUIT BARS,254
45,121,1,BLUE BELL MINI CONE 12EA,154
46,122,1,BLUE BELL MINI PARTY CONES,58
47,123,1,BLUE BELL MOOO BAR,13
48,124,1,BLUE BELL PEACH FRUIT BARS,129
49,125,1,BLUE BELL SOUR POPS GREEN APPLE,29
50,126,1,BLUE BELL STRAWBERRY DIPPED FRUIT BARS,197
51,127,1,BLUE BELL STRWBRY SHRTCK BR 1EA,115
52,132,1,BLUEBELL MINI RAINBOWS 24EA,69
53,133,1,BLUEBELL MOOO BARS 12EA,375
54,134,1,BLUEBELL NS ADDED PT 16OZ,134
55,135,1,BLUEBELL SF BULLETS 24EA,163
56,136,1,BLUEBELL SHERBET RAINBOW 16OZ,162
57,514,2,BB ALMOND BAR SINGLE 1EA,12
58,515,2,BB BANANA FUDGE BAR,333
59,516,2,BB BDAY PARTY SNDWCH 8PK,30
60,517,2,BB BULLETS 24EA,170
61,518,2,BB CHAMP VAR PK CONES,32
62,519,2,BB CHOC & VAN CUPS 12EA,265
63,520,2,"BB CHOC CHIP COOKIE SINGLE 5,25OZ",140
64,521,2,BB CHOC CHRY BARS 12PK,39
65,522,2,BB CHOC FUDGE BAR,82
66,523,2,BB CKS/CREAM SANDWICH SINGLE 1EA,235
67,524,2,BB CNTRY CONE CKS/CRM SGL 1EA,174
68,525,2,BB CNTRY CONE VANILLA SINGLE 1EA,185
69,526,2,BB CREME POPS 24EA,52
70,527,2,BB DIPPED COCONUT FRT BARS,103
71,528,2,BB FUDGE BOMBSTIK SINGLE 1EA,350
72,529,2,BB GREAT DIVIDE SINGLES 1EA,29
73,530,2,BB HOMEMADE VANILLA CUP SGL 1EA,154
74,531,2,BB ICE CREAM SANDWICH 12EA,187
75,532,2,BB ICE CREAM SANDWICH SINGLE 1EA,213
76,533,2,BB KRUNCH BAR SINGLE 1EA,63
77,534,2,BB LIME FRUIT BAR SNGLE,5
78,535,2,BB MINI SANDWICH 24EA,151
79,536,2,BB MINI SWIRL CRML CONES 18OZ,35
80,537,2,BB MINT CCHIP BARS,72
81,538,2,BB MIXED BERRIES FRT BARS,151
82,539,2,"BB NEAO SANDWICH SINGLE 5,75OZ",131
83,540,2,BB NSA MOOO BARS 12EA,92
84,541,2,BB RAINBOW FREEZE SINGLE 1EA,153
85,542,2,BB RAINBOW POP UPS SINGLE 1EA,101
86,543,2,BB SMPLY VAN SNCWCH 8PK,45
87,544,2,BB STRW FRUIT BARS,395
88,545,2,BB SUNDAE CUPS,81
89,546,2,BB TRPL DLGHT SNDWCH 8PK,39
90,556,2,BLUE BELL AST SHERBET 32OZ,691
91,557,2,BLUE BELL BANANA POPS,156
92,558,2,BLUE BELL BRTHDAY CK CUPS 12EA,94
93,559,2,BLUE BELL CHOC ECLAIR BAR 1EA,1
94,560,2,BLUE BELL COCONUT FRUIT BARS,161
95,561,2,BLUE BELL COTTON CANDY BARS,54
96,562,2,BLUE BELL DBL VNLA IC SNDW 1EA,104
97,563,2,BLUE BELL DREAM BAR,205
98,564,2,BLUE BELL HMADE VAN CUPS 12EA,322
99,565,2,BLUE BELL KRUNCH BARS 12EA,346
100,566,2,BLUE BELL LIME FRUIT BARS,217
101,567,2,BLUE BELL MINI CONE 12EA,164
102,568,2,BLUE BELL MINI PARTY CONES,79
103,569,2,BLUE BELL MOOO BAR,7
104,570,2,BLUE BELL PEACH FRUIT BARS,140
105,571,2,BLUE BELL SOUR POPS GREEN APPLE,35
106,572,2,BLUE BELL STRAWBERRY DIPPED FRUIT BARS,146
107,573,2,BLUE BELL STRWBRY SHRTCK BR 1EA,99
108,578,2,BLUEBELL MINI RAINBOWS 24EA,97
109,579,2,BLUEBELL MOOO BARS 12EA,384
110,580,2,BLUEBELL NS ADDED PT 16OZ,133
111,581,2,BLUEBELL SF BULLETS 24EA,128
112,582,2,BLUEBELL SHERBET RAINBOW 16OZ,144
113,952,3,BB BANANA FUDGE BAR,176
114,953,3,BB BDAY PARTY SNDWCH 8PK,18
115,954,3,BB BULLETS 24EA,116
116,955,3,BB CHAMP VAR PK CONES,14
117,956,3,BB CHOC & VAN CUPS 12EA,252
118,957,3,"BB CHOC CHIP COOKIE SINGLE 5,25OZ",128
119,958,3,BB CHOC CHRY BARS 12PK,21
120,959,3,BB CHOC FUDGE BAR,61
121,960,3,BB CKS/CREAM SANDWICH SINGLE 1EA,133
122,961,3,BB CNTRY CONE CKS/CRM SGL 1EA,119
123,962,3,BB CNTRY CONE VANILLA SINGLE 1EA,107
124,963,3,BB CREME POPS 24EA,33
125,964,3,BB DIPPED COCONUT FRT BARS,99
126,965,3,BB FUDGE BOMBSTIK SINGLE 1EA,231
127,966,3,BB GREAT DIVIDE SINGLES 1EA,5
128,967,3,BB HOMEMADE VANILLA CUP SGL 1EA,140
129,968,3,BB ICE CREAM SANDWICH 12EA,154
130,969,3,BB ICE CREAM SANDWICH SINGLE 1EA,116
131,970,3,BB KRUNCH BAR SINGLE 1EA,147
132,971,3,BB LIME FRUIT BAR SNGLE,4
133,972,3,BB MINI SANDWICH 24EA,128
134,973,3,BB MINI SWIRL CRML CONES 18OZ,29
135,974,3,BB MINT CCHIP BARS,53
136,975,3,BB MIXED BERRIES FRT BARS,91
137,976,3,"BB NEAO SANDWICH SINGLE 5,75OZ",69
138,977,3,BB NSA MOOO BARS 12EA,52
139,978,3,BB RAINBOW FREEZE SINGLE 1EA,111
140,979,3,BB RAINBOW POP UPS SINGLE 1EA,78
141,980,3,BB SMPLY VAN SNCWCH 8PK,49
142,981,3,BB STRW FRUIT BARS,313
143,982,3,BB SUNDAE CUPS,94
144,983,3,BB TRPL DLGHT SNDWCH 8PK,43
145,994,3,BLUE BELL AST SHERBET 32OZ,437
146,995,3,BLUE BELL BANANA POPS,134
147,996,3,BLUE BELL BRTHDAY CK CUPS 12EA,72
148,997,3,BLUE BELL COCONUT FRUIT BARS,86
149,998,3,BLUE BELL COTTON CANDY BARS,43
150,999,3,BLUE BELL DBL VNLA IC SNDW 1EA,56
151,1000,3,BLUE BELL DREAM BAR,108
152,1001,3,BLUE BELL HMADE VAN CUPS 12EA,316
153,1002,3,BLUE BELL KRUNCH BARS 12EA,202
154,1003,3,BLUE BELL LIME FRUIT BARS,115
155,1004,3,BLUE BELL MINI CONE 12EA,97
156,1005,3,BLUE BELL MINI PARTY CONES,45
157,1006,3,BLUE BELL MOOO BAR,1
158,1007,3,BLUE BELL PEACH FRUIT BARS,86
159,1008,3,BLUE BELL SOUR POPS GREEN APPLE,14
160,1009,3,BLUE BELL STRAWBERRY DIPPED FRUIT BARS,129
161,1010,3,BLUE BELL STRWBRY SHRTCK BR 1EA,67
162,1015,3,BLUEBELL MINI RAINBOWS 24EA,64
163,1016,3,BLUEBELL MOOO BARS 12EA,227
164,1017,3,BLUEBELL NS ADDED PT 16OZ,131
165,1018,3,BLUEBELL SF BULLETS 24EA,94
166,1019,3,BLUEBELL SHERBET RAINBOW 16OZ,138
167,1371,4,BB BANANA FUDGE BAR,170
168,1372,4,BB BDAY PARTY SNDWCH 8PK,18
169,1373,4,BB BULLETS 24EA,128
170,1374,4,BB CHAMP VAR PK CONES,18
171,1375,4,BB CHOC & VAN CUPS 12EA,258
172,1376,4,"BB CHOC CHIP COOKIE SINGLE 5,25OZ",93
173,1377,4,BB CHOC CHRY BARS 12PK,43
174,1378,4,BB CHOC FUDGE BAR,34
175,1379,4,BB CKS/CREAM SANDWICH SINGLE 1EA,127
176,1380,4,BB CNTRY CONE CKS/CRM SGL 1EA,146
177,1381,4,BB CNTRY CONE VANILLA SINGLE 1EA,176
178,1382,4,BB CREME POPS 24EA,37
179,1383,4,BB DIPPED COCONUT FRT BARS,32
180,1384,4,BB FUDGE BOMBSTIK SINGLE 1EA,225
181,1385,4,BB GREAT DIVIDE SINGLES 1EA,3
182,1386,4,BB HOMEMADE VANILLA CUP SGL 1EA,231
183,1387,4,BB ICE CREAM SANDWICH 12EA,168
184,1388,4,BB ICE CREAM SANDWICH SINGLE 1EA,114
185,1389,4,BB KRUNCH BAR SINGLE 1EA,20
186,1390,4,BB LIME FRUIT BAR SNGLE,5
187,1391,4,BB MINI SANDWICH 24EA,125
188,1392,4,BB MINI SWIRL CRML CONES 18OZ,26
189,1393,4,BB MINT CCHIP BARS,58
190,1394,4,BB MIXED BERRIES FRT BARS,58
191,1395,4,"BB NEAO SANDWICH SINGLE 5,75OZ",72
192,1396,4,BB NSA MOOO BARS 12EA,36
193,1397,4,BB RAINBOW FREEZE SINGLE 1EA,77
194,1398,4,BB RAINBOW POP UPS SINGLE 1EA,75
195,1399,4,BB SMPLY VAN SNCWCH 8PK,41
196,1400,4,BB STRW FRUIT BARS,230
197,1401,4,BB SUNDAE CUPS,92
198,1402,4,BB TRPL DLGHT SNDWCH 8PK,41
199,1412,4,BLUE BELL AST SHERBET 32OZ,749
200,1413,4,BLUE BELL BANANA POPS,81
201,1414,4,BLUE BELL BRTHDAY CK CUPS 12EA,54
202,1415,4,BLUE BELL COCONUT FRUIT BARS,56
203,1416,4,BLUE BELL COTTON CANDY BARS,42
204,1417,4,BLUE BELL DBL VNLA IC SNDW 1EA,44
205,1418,4,BLUE BELL DREAM BAR,92
206,1419,4,BLUE BELL HMADE VAN CUPS 12EA,304
207,1420,4,BLUE BELL KRUNCH BARS 12EA,124
208,1421,4,BLUE BELL LIME FRUIT BARS,77
209,1422,4,BLUE BELL MINI CONE 12EA,69
210,1423,4,BLUE BELL MINI PARTY CONES,33
211,1424,4,BLUE BELL MOOO BAR,4
212,1425,4,BLUE BELL PEACH FRUIT BARS,44
213,1426,4,BLUE BELL SOUR POPS GREEN APPLE,3
214,1427,4,BLUE BELL STRAWBERRY DIPPED FRUIT BARS,74
215,1428,4,BLUE BELL STRWBRY SHRTCK BR 1EA,65
216,1433,4,BLUEBELL MINI RAINBOWS 24EA,62
217,1434,4,BLUEBELL MOOO BARS 12EA,167
218,1435,4,BLUEBELL NS ADDED PT 16OZ,103
219,1436,4,BLUEBELL SF BULLETS 24EA,96
220,1437,4,BLUEBELL SHERBET RAINBOW 16OZ,149
221,1786,5,BB BANANA FUDGE BAR,214
222,1787,5,BB BDAY PARTY SNDWCH,17
223,1788,5,BB BULLETS,151
224,1789,5,BB CHAMP VAR PK CONES,19
225,1790,5,BB CHOC & VAN CUPS 12CT,273
226,1791,5,BB CHOC CHIP COOKIE SINGLE,145
227,1792,5,BB CHOC CHRY BARS,44
228,1793,5,BB CHOC FUDGE BAR,71
229,1794,5,BB CKS/CREAM SANDWICH SINGLE,264
230,1795,5,BB CNTRY CONE CKS/CRM SGL,118
231,1796,5,BB CNTRY CONE VANILLA SINGLE,105
232,1797,5,BB CREME POPS,40
233,1798,5,BB DIPPED COCONUT FRT BARS,43
234,1799,5,BB FUDGE BOMBSTIK SINGLE,297
235,1800,5,BB GREAT DIVIDE SINGLES,3
236,1801,5,BB HOMEMADE VANILLA CUP SGL,124
237,1802,5,BB ICE CREAM SANDWICH,191
238,1803,5,BB ICE CREAM SANDWICH SINGLE,213
239,1804,5,BB KRUNCH BAR SINGLE,37
240,1805,5,BB LIME FRUIT BAR SNGLE,2
241,1806,5,BB MINI SANDWICH,171
242,1807,5,BB MINI SWIRL CRML CONES,42
243,1808,5,BB MINI SWRL BDAY PRTY CONE,27
244,1809,5,BB MINT CCHIP BARS,32
245,1810,5,BB MIXED BERRIES FRT BARS,86
246,1811,5,BB NEAO SANDWICH SINGLE,146
247,1812,5,BB NSA MOOO BARS,58
248,1813,5,BB RAINBOW FREEZE SINGLE,86
249,1814,5,BB RAINBOW POP UPS SINGLE,109
250,1815,5,BB SMPLY VAN SNCWCH,38
251,1816,5,BB SOUR POPS GREEN APPLE,8
252,1817,5,BB STRW FRUIT BARS,224
253,1818,5,BB STRWBRRY DPPD FRT BARS,75
254,1819,5,BB SUNDAE CUPS,110
255,1820,5,BB SWT FRDM VRTY PK BARS,25
256,1821,5,BB TRPL DLGHT SNDWCH,40
257,1830,5,BLUE BELL AST SHERBET,637
258,1831,5,BLUE BELL AST SHERBET 32OZ,2
259,1832,5,BLUE BELL BANANA POPS,106
260,1833,5,BLUE BELL BRTHDAY CK CUPS 12CT,74
261,1834,5,BLUE BELL CCNT FRUIT BARS,72
262,1835,5,BLUE BELL CHOC ECLAIR BAR,9
263,1836,5,BLUE BELL COTTON CANDY BARS,62
264,1837,5,BLUE BELL DBL VNLA IC SNDW,94
265,1838,5,BLUE BELL DREAM BAR,112
266,1839,5,BLUE BELL HMADE VAN CUPS 12CT,310
267,1840,5,BLUE BELL KRUNCH BARS,148
268,1841,5,BLUE BELL LIME FRUIT BARS,131
269,1842,5,BLUE BELL MINI CONE,94
270,1843,5,BLUE BELL MINI PARTY CONES,43
271,1844,5,BLUE BELL MOOO BAR,3
272,1845,5,BLUE BELL PEACH FRT BARS,56
273,1846,5,BLUE BELL STRWBRY SHRTCK BR,94
274,1850,5,BLUEBELL MINI RAINBOWS,39
275,1851,5,BLUEBELL MOOO BARS,193
276,1852,5,BLUEBELL NS ADDED PT,155
277,1853,5,BLUEBELL SF BULLETS,103
278,1854,5,BLUEBELL SHERBET RAINBOW,212
279,2279,6,BB BANANA FUDGE BAR,198
280,2280,6,BB BDAY PARTY SNDWCH,26
281,2281,6,BB BORDEAUX CHRY CHOC,5
282,2282,6,BB BULLETS,135
283,2283,6,BB CHAMP VAR PK CONES,20
284,2284,6,BB CHOC & VAN CUPS 12CT,296
285,2285,6,BB CHOC CHIP COOKIE SINGLE,57
286,2286,6,BB CHOC CHRY BARS,37
287,2287,6,BB CHOC FUDGE BAR,46
288,2288,6,BB CKS/CREAM SANDWICH SINGLE,169
289,2289,6,BB CNTRY CONE CKS/CRM SGL,175
290,2290,6,BB CNTRY CONE VANILLA SINGLE,160
291,2291,6,BB CREME POPS,54
292,2292,6,BB DIPPED COCONUT FRT BARS,36
293,2293,6,BB FUDGE BOMBSTIK SINGLE,289
294,2294,6,BB HOMEMADE VANILLA CUP SGL,144
295,2295,6,BB ICE CREAM SANDWICH,173
296,2296,6,BB ICE CREAM SANDWICH SINGLE,151
297,2297,6,BB KRUNCH BAR SINGLE,43
298,2298,6,BB LIME FRUIT BAR SNGLE,4
299,2299,6,BB MINI SANDWICH,133
300,2300,6,BB MINI SWIRL CRML CONES,51
301,2301,6,BB MINI SWRL BDAY PRTY CONE,30
302,2302,6,BB MIXED BERRIES FRT BARS,75
303,2303,6,BB NEAO SANDWICH SINGLE,78
304,2304,6,BB NSA MOOO BARS,61
305,2305,6,BB PREM BUNNY TRACKS,5
306,2306,6,BB PREM BUTTER PECAN,11
307,2307,6,BB PREM CHUNKY CHOC CHIP,3
308,2308,6,BB PREM COOKIES N CREAM,6
309,2309,6,BB PREM DBL STRWBRY,3
310,2310,6,BB PREM HOMEMADE CHOC,3
311,2311,6,BB PREM HOMEMADE VAN,14
312,2312,6,BB PREM MINT CHOC CHIP,6
313,2313,6,BB PREM NEAPOLITAN,5
314,2314,6,BB PREM PNUT BTTR PANIC,9
315,2315,6,BB PREM ROCKY ROAD,5
316,2316,6,BB PREM TSTD ALMND FUDGE,4
317,2317,6,BB RAINBOW FREEZE SINGLE,107
318,2318,6,BB RAINBOW POP UPS SINGLE,90
319,2319,6,BB SMPLY VAN SNCWCH,40
320,2320,6,BB SOUR POPS GREEN APPLE,1
321,2321,6,BB STRW FRUIT BARS,239
322,2322,6,BB STRWBRRY DPPD FRT BARS,66
323,2323,6,BB SUNDAE CUPS,87
324,2324,6,BB SWEET FREEDOM VAN,7
325,2325,6,BB SWT FRDM BAN SPLIT,9
326,2326,6,BB SWT FRDM BTR PECAN,2
327,2327,6,BB SWT FRDM BUNNY TRACKS,3
328,2328,6,BB SWT FRDM VRTY PK BARS,15
329,2329,6,BB TRPL DLGHT SNDWCH,55
330,2340,6,BLUE BELL AST SHERBET,661
331,2341,6,BLUE BELL BANANA POPS,105
332,2342,6,BLUE BELL BRTHDAY CK CUPS 12CT,81
333,2343,6,BLUE BELL CCNT FRUIT BARS,51
334,2344,6,BLUE BELL CHOC ECLAIR BAR,17
335,2345,6,BLUE BELL COTTON CANDY BARS,17
336,2346,6,BLUE BELL DBL VNLA IC SNDW,52
337,2347,6,BLUE BELL DREAM BAR,244
338,2348,6,BLUE BELL HMADE VAN CUPS 12CT,306
339,2349,6,BLUE BELL KRUNCH BARS,338
340,2350,6,BLUE BELL LIME FRUIT BARS,99
341,2351,6,BLUE BELL MINI CONE,169
342,2352,6,BLUE BELL MINI PARTY CONES,64
343,2353,6,BLUE BELL MOOO BAR,53
344,2354,6,BLUE BELL PEACH FRT BARS,49
345,2355,6,BLUE BELL STRWBRY SHRTCK BR,93
346,2360,6,BLUEBELL MINI RAINBOWS,2
347,2361,6,BLUEBELL MOOO BARS,304
348,2362,6,BLUEBELL NS ADDED PT,131
349,2363,6,BLUEBELL SF BULLETS,132
350,2364,6,BLUEBELL SHERBET RAINBOW,149
351,2471,6,FREAL SMOOTHIE BB RSP PMGRNTE 16OZ,1
352,2794,7,BB BANANA FUDGE BAR,197
353,2795,7,BB BDAY PARTY SNDWCH,44
354,2796,7,BB BORDEAUX CHRY CHOC,14
355,2797,7,BB BULLETS,137
356,2798,7,BB CHAMP VAR PK CONES,50
357,2799,7,BB CHOC & VAN CUPS 12CT,284
358,2800,7,BB CHOC CHRY BARS,4
359,2801,7,BB CHOC FUDGE BAR,91
360,2802,7,BB CKS/CREAM SANDWICH SINGLE,328
361,2803,7,BB CNTRY CONE CKS/CRM SGL,162
362,2804,7,BB CNTRY CONE VANILLA SINGLE,159
363,2805,7,BB CREME POPS,55
364,2806,7,BB DIPPED COCONUT FRT BARS,112
365,2807,7,BB FUDGE BOMBSTIK SINGLE,337
366,2808,7,BB GREAT DIVIDE SINGLES,4
367,2809,7,BB HOMEMADE VANILLA CUP SGL,162
368,2810,7,BB ICE CREAM SANDWICH,259
369,2811,7,BB ICE CREAM SANDWICH SINGLE,307
370,2812,7,BB KRUNCH BAR SINGLE,116
371,2813,7,BB LIME FRUIT BAR SNGLE,4
372,2814,7,BB MINI SANDWICH,212
373,2815,7,BB MINI SWIRL CRML CONES,59
374,2816,7,BB MINI SWRL BDAY PRTY CONE,50
375,2817,7,BB MIXED BERRIES FRT BARS,155
376,2818,7,BB NEAO SANDWICH SINGLE,192
377,2819,7,BB PREM BUNNY TRACKS,29
378,2820,7,BB PREM BUTTER PECAN,24
379,2821,7,BB PREM CHUNKY CHOC CHIP,15
380,2822,7,BB PREM COOKIES N CREAM,23
381,2823,7,BB PREM DBL STRWBRY,19
382,2824,7,BB PREM HOMEMADE CHOC,19
383,2825,7,BB PREM HOMEMADE VAN,50
384,2826,7,BB PREM MINT CHOC CHIP,31
385,2827,7,BB PREM NEAPOLITAN,18
386,2828,7,BB PREM PNUT BTTR PANIC,31
387,2829,7,BB PREM ROCKY ROAD,20
388,2830,7,BB PREM TSTD ALMND FUDGE,17
389,2831,7,BB RAINBOW FREEZE SINGLE,157
390,2832,7,BB RAINBOW POP UPS SINGLE,137
391,2833,7,BB SMPLY VAN SNCWCH,79
392,2834,7,BB STRW FRUIT BARS,419
393,2835,7,BB STRWBRRY DPPD FRT BARS,166
394,2836,7,BB SUNDAE CUPS,82
395,2837,7,BB SWEET FREEDOM VAN,26
396,2838,7,BB SWT FRDM BAN SPLIT,18
397,2839,7,BB SWT FRDM BTR PECAN,13
398,2840,7,BB SWT FRDM BUNNY TRACKS,23
399,2841,7,BB SWT FRDM VRTY PK BARS,26
400,2842,7,BB TRPL DLGHT SNDWCH,77
401,2853,7,BLUE BELL AST SHERBET,672
402,2854,7,BLUE BELL BANANA POPS,177
403,2855,7,BLUE BELL BRTHDAY CK CUPS 12CT,89
404,2856,7,BLUE BELL CCNT FRUIT BARS,135
405,2857,7,BLUE BELL CHOC ECLAIR BAR,41
406,2858,7,BLUE BELL DBL VNLA IC SNDW,134
407,2859,7,BLUE BELL DREAM BAR,163
408,2860,7,BLUE BELL HMADE VAN CUPS 12CT,303
409,2861,7,BLUE BELL KRUNCH BARS,239
410,2862,7,BLUE BELL LIME FRUIT BARS,164
411,2863,7,BLUE BELL MINI CONE,125
412,2864,7,BLUE BELL MINI PARTY CONES,62
413,2865,7,BLUE BELL MOOO BAR,22
414,2866,7,BLUE BELL PEACH FRT BARS,119
415,2867,7,BLUE BELL STRWBRY SHRTCK BR,136
416,2872,7,BLUEBELL MOOO BARS,288
417,2873,7,BLUEBELL NS ADDED PT,160
418,2874,7,BLUEBELL SF BULLETS,122
419,2875,7,BLUEBELL SHERBET RAINBOW,233
420,2983,7,FREAL SMOOTHIE BB RSP PMGRNTE 16OZ,1
421,3302,8,BB BANANA FUDGE BAR,107
422,3303,8,BB BDAY PARTY SNDWCH,51
423,3304,8,BB BORDEAUX CHRY CHOC,41
424,3305,8,BB BULLETS,74
425,3306,8,BB CHAMP VAR PK CONES,109
426,3307,8,BB CHOC & VAN CUPS 12CT,77
427,3308,8,BB CHOC FUDGE BAR,51
428,3309,8,BB CKS/CREAM SANDWICH SINGLE,122
429,3310,8,BB CNTRY CONE CKS/CRM SGL,99
430,3311,8,BB CNTRY CONE VANILLA SINGLE,145
431,3312,8,BB CREME POPS,41
432,3313,8,BB DIPPED COCONUT FRT BARS,61
433,3314,8,BB FUDGE BOMBSTIK SINGLE,357
434,3315,8,BB HOMEMADE VANILLA CUP SGL,21
435,3316,8,BB ICE CREAM SANDWICH,143
436,3317,8,BB ICE CREAM SANDWICH SINGLE,140
437,3318,8,BB KRUNCH BAR SINGLE,39
438,3319,8,BB LIME FRUIT BAR SNGLE,3
439,3320,8,BB MINI SANDWICH,113
440,3321,8,BB MINI SWIRL CRML CONES,70
441,3322,8,BB MINI SWRL BDAY PRTY CONE,50
442,3323,8,BB MIXED BERRIES FRT BARS,75
443,3324,8,BB NEAO SANDWICH SINGLE,69
444,3325,8,BB PREM BUNNY TRACKS,65
445,3326,8,BB PREM BUTTER PECAN,61
446,3327,8,BB PREM CHUNKY CHOC CHIP,37
447,3328,8,BB PREM COOKIES N CREAM,96
448,3329,8,BB PREM DBL STRWBRY,54
449,3330,8,BB PREM HOMEMADE CHOC,94
450,3331,8,BB PREM HOMEMADE VAN,194
451,3332,8,BB PREM MINT CHOC CHIP,95
452,3333,8,BB PREM NEAPOLITAN,43
453,3334,8,BB PREM PNUT BTTR PANIC,63
454,3335,8,BB PREM ROCKY ROAD,52
455,3336,8,BB PREM TSTD ALMND FUDGE,35
456,3337,8,BB RAINBOW FREEZE SINGLE,87
457,3338,8,BB RAINBOW POP UPS SINGLE,104
458,3339,8,BB SMPLY VAN SNCWCH,144
459,3340,8,BB STRW FRUIT BARS,227
460,3341,8,BB STRWBRRY DPPD FRT BARS,74
461,3342,8,BB SUNDAE CUPS,13
462,3343,8,BB SWEET FREEDOM VAN,80
463,3344,8,BB SWT FRDM BAN SPLIT,31
464,3345,8,BB SWT FRDM BTR PECAN,44
465,3346,8,BB SWT FRDM BUNNY TRACKS,40
466,3347,8,BB SWT FRDM VRTY PK BARS,29
467,3348,8,BB TRPL DLGHT SNDWCH,119
468,3359,8,BLUE BELL AST SHERBET,73
469,3360,8,BLUE BELL BANANA POPS,97
470,3361,8,BLUE BELL BRTHDAY CK CUPS 12CT,42
471,3362,8,BLUE BELL CCNT FRUIT BARS,61
472,3363,8,BLUE BELL CHOC ECLAIR BAR,24
473,3364,8,BLUE BELL DBL VNLA IC SNDW,62
474,3365,8,BLUE BELL DREAM BAR,115
475,3366,8,BLUE BELL HMADE VAN CUPS 12CT,81
476,3367,8,BLUE BELL KRUNCH BARS,131
477,3368,8,BLUE BELL LIME FRUIT BARS,106
478,3369,8,BLUE BELL MINI CONE,92
479,3370,8,BLUE BELL MINI PARTY CONES,38
480,3371,8,BLUE BELL MOOO BAR,11
481,3372,8,BLUE BELL PEACH FRT BARS,57
482,3373,8,BLUE BELL STRWBRY SHRTCK BR,90
483,3378,8,BLUEBELL MINI RAINBOWS,-1
484,3379,8,BLUEBELL MOOO BARS,192
485,3380,8,BLUEBELL NS ADDED PT,69
486,3381,8,BLUEBELL SF BULLETS,89
487,3382,8,BLUEBELL SHERBET RAINBOW,21
488,3490,8,FREAL SMOOTHIE BB RSP PMGRNTE 16OZ,1
489,3800,9,BB BDAY PARTY SNDWCH,70
490,3801,9,BB BORDEAUX CHRY CHOC,138
491,3802,9,BB BULLETS,-1
492,3803,9,BB CHAMP VAR PK CONES,151
493,3804,9,BB CHOC CHRY BARS,-1
494,3805,9,BB DIPPED COCONUT FRT BARS,-3
495,3806,9,BB ICE CREAM SANDWICH,-1
496,3807,9,BB MINI SANDWICH,-7
497,3808,9,BB MINI SWIRL CRML CONES,116
498,3809,9,BB MINI SWRL BDAY PRTY CONE,72
499,3810,9,BB PREM BUNNY TRACKS,243
500,3811,9,BB PREM BUTTER PECAN,227
501,3812,9,BB PREM CHUNKY CHOC CHIP,150
502,3813,9,BB PREM COOKIES N CREAM,348
503,3814,9,BB PREM DBL STRWBRY,174
504,3815,9,BB PREM HOMEMADE CHOC,351
505,3816,9,BB PREM HOMEMADE VAN,825
506,3817,9,BB PREM MINT CHOC CHIP,299
507,3818,9,BB PREM NEAPOLITAN,171
508,3819,9,BB PREM PNUT BTTR PANIC,211
509,3820,9,BB PREM ROCKY ROAD,200
510,3821,9,BB PREM TSTD ALMND FUDGE,158
511,3822,9,BB RAINBOW FREEZE SINGLE,-1
512,3823,9,BB SMPLY VAN SNCWCH,335
513,3824,9,BB STRW FRUIT BARS,-2
514,3825,9,BB STRWBRRY DPPD FRT BARS,-4
515,3826,9,BB SUNDAE CUPS,-1
516,3827,9,BB SWEET FREEDOM VAN,208
517,3828,9,BB SWT FRDM BAN SPLIT,101
518,3829,9,BB SWT FRDM BTR PECAN,123
519,3830,9,BB SWT FRDM BUNNY TRACKS,122
520,3831,9,BB SWT FRDM VRTY PK BARS,45
521,3832,9,BB TRPL DLGHT SNDWCH,206
522,3843,9,BLUE BELL AST SHERBET,-1
523,3844,9,BLUE BELL CCNT FRUIT BARS,-1
524,3845,9,BLUE BELL COTTON CANDY BARS,-1
525,3846,9,BLUE BELL DREAM BAR,-2
526,3847,9,BLUE BELL KRUNCH BARS,-2
527,3848,9,BLUE BELL MINI CONE,-1
528,3849,9,BLUE BELL PEACH FRT BARS,-4
529,3854,9,BLUEBELL MOOO BARS,-4
530,3855,9,BLUEBELL SHERBET RAINBOW,-2
531,4205,10,*D*BB SWT FRDM NSA FUDGE BAR 12CT,142
532,4264,10,*Z*BB SWT FRDM FDG LT 800134,11
533,4325,10,BB BDAY PARTY SNDWCH,92
534,4326,10,BB BORDEAUX CHRY CHOC,210
535,4327,10,BB CHAMP VAR PK CONES,151
536,4328,10,BB CHOC & VAN CUPS 12CT,-2
537,4329,10,BB MINI SWIRL CRML CONES,167
538,4330,10,BB MINI SWRL BDAY PRTY CONE,112
539,4331,10,BB PREM BUNNY TRACKS,365
540,4332,10,BB PREM BUTTER PECAN,381
541,4333,10,BB PREM CHUNKY CHOC CHIP,272
542,4334,10,BB PREM COOKIES N CREAM,634
543,4335,10,BB PREM DBL STRWBRY,317
544,4336,10,BB PREM HOMEMADE CHOC,634
545,4337,10,BB PREM HOMEMADE VAN,1284
546,4338,10,BB PREM MINT CHOC CHIP,420
547,4339,10,BB PREM NEAPOLITAN,341
548,4340,10,BB PREM PNUT BTTR PANIC,338
549,4341,10,BB PREM ROCKY ROAD,267
550,4342,10,BB PREM TSTD ALMND FUDGE,240
551,4343,10,BB RNBOW SHERBET CUPS 12CT,151
552,4344,10,BB SMPLY VAN SNCWCH,445
553,4345,10,BB SWEET FREEDOM VAN,259
554,4346,10,BB SWT FRDM BAN SPLIT,172
555,4347,10,BB SWT FRDM BTR PECAN,154
556,4348,10,BB SWT FRDM BUNNY TRACKS,208
557,4349,10,BB SWT FRDM NSA FUDGE BAR,142
558,4350,10,BB SWT FRDM VRTY PK BARS,67
559,4351,10,BB TRPL DLGHT SNDWCH,230
560,4373,10,BLUEBELL MOOO BARS,-1
561,4469,10,FREAL SMOOTHIE BB RSP PMGRNTE 16OZ,21
562,4774,11,*D*BB SWT FRDM NSA FUDGE BAR 12CT,201
563,4789,11,*Z*BB SWT FRDM FDG LT 800134,6
564,4845,11,BB BDAY PARTY SNDWCH,90
565,4846,11,BB BORDEAUX CHRY CHOC,269
566,4847,11,BB CHAMP VAR PK CONES,134
567,4848,11,BB MINI SWIRL CRML CONES,194
568,4849,11,BB MINI SWRL BDAY PRTY CONE,148
569,4850,11,BB PREM BUNNY TRACKS,383
570,4851,11,BB PREM BUTTER PECAN,415
571,4852,11,BB PREM CHUNKY CHOC CHIP,254
572,4853,11,BB PREM COOKIES N CREAM,612
573,4854,11,BB PREM DBL STRWBRY,339
574,4855,11,BB PREM HOMEMADE CHOC,653
575,4856,11,BB PREM HOMEMADE VAN,1349
576,4857,11,BB PREM MINT CHOC CHIP,396
577,4858,11,BB PREM NEAPOLITAN,341
578,4859,11,BB PREM PNUT BTTR PANIC,371
579,4860,11,BB PREM ROCKY ROAD,318
580,4861,11,BB PREM TSTD ALMND FUDGE,381
581,4862,11,BB RNBOW SHERBET CUPS 12CT,153
582,4863,11,BB SMPLY VAN SNCWCH,451
583,4864,11,BB SWEET FREEDOM VAN,294
584,4865,11,BB SWT FRDM BAN SPLIT,170
585,4866,11,BB SWT FRDM BTR PECAN,185
586,4867,11,BB SWT FRDM BUNNY TRACKS,172
587,4868,11,BB SWT FRDM NSA FUDGE BAR,201
588,4869,11,BB SWT FRDM VRTY PK BARS,68
589,4870,11,BB TRPL DLGHT SNDWCH,204
590,4986,11,FREAL SMOOTHIE BB RSP PMGRNTE 16OZ,10
591,5292,12,*D*BB SWT FRDM NSA FUDGE BAR 12CT,236
592,5349,12,BB BDAY PARTY SNDWCH,68
593,5350,12,BB BORDEAUX CHRY CHOC,333
594,5351,12,BB CHAMP VAR PK CONES,103
595,5352,12,BB MINI SWIRL CRML CONES,203
596,5353,12,BB MINI SWRL BDAY PRTY CONE,166
597,5354,12,BB PREM BUNNY TRACKS,562
598,5355,12,BB PREM BUTTER PECAN,516
599,5356,12,BB PREM CHUNKY CHOC CHIP,302
600,5357,12,BB PREM COOKIES N CREAM,787
601,5358,12,BB PREM DBL STRWBRY,392
602,5359,12,BB PREM HOMEMADE CHOC,745
603,5360,12,BB PREM HOMEMADE VAN,1551
604,5361,12,BB PREM MINT CHOC CHIP,520
605,5362,12,BB PREM NEAPOLITAN,406
606,5363,12,BB PREM PNUT BTTR PANIC,401
607,5364,12,BB PREM ROCKY ROAD,327
608,5365,12,BB PREM TSTD ALMND FUDGE,391
609,5366,12,BB RNBOW SHERBET CUPS 12CT,152
610,5367,12,BB SMPLY VAN SNCWCH,298
611,5368,12,BB SWEET FREEDOM VAN,268
612,5369,12,BB SWT FRDM BAN SPLIT,166
613,5370,12,BB SWT FRDM BTR PECAN,198
614,5371,12,BB SWT FRDM BUNNY TRACKS,223
615,5372,12,BB SWT FRDM NSA FUDGE BAR,236
616,5373,12,BB SWT FRDM VRTY PK BARS,59
617,5374,12,BB TRPL DLGHT SNDWCH,195
618,5492,12,FREAL SMOOTHIE BB RSP PMGRNTE 16OZ,8
619,5800,13,*D*BB SWT FRDM NSA FUDGE BAR 12CT,115
620,5806,13,*Z*BB FNWCH CKIES N CRM966620,16
621,5807,13,*Z*BB FNWCH VN CH CHIP966619,34
622,5808,13,*Z*BB SWT FRDM FDG LT 800134,1
623,5861,13,BB BDAY PARTY SNDWCH,48
624,5862,13,BB BORDEAUX CHRY CHOC,361
625,5863,13,BB CHAMP VAR PK CONES,135
626,5864,13,BB CHOC LOVERS ICRM SNDWCH,44
627,5865,13,BB MINI SWIRL CONE CHOC,45
628,5866,13,BB MINI SWIRL CRML CONES,41
629,5867,13,BB MINI SWRL BDAY PRTY CONE,63
630,5868,13,BB PREM BUNNY TRACKS,579
631,5869,13,BB PREM BUTTER PECAN,604
632,5870,13,BB PREM CHUNKY CHOC CHIP,359
633,5871,13,BB PREM COOKIES N CREAM,775
634,5872,13,BB PREM DBL STRWBRY,404
635,5873,13,BB PREM HOMEMADE CHOC,669
636,5874,13,BB PREM HOMEMADE VAN,1607
637,5875,13,BB PREM MINT CHOC CHIP,563
638,5876,13,BB PREM NEAPOLITAN,441
639,5877,13,BB PREM PNUT BTTR PANIC,461
640,5878,13,BB PREM ROCKY ROAD,356
641,5879,13,BB PREM TSTD ALMND FUDGE,414
642,5880,13,BB RNBOW SHERBET CUPS 12CT,124
643,5881,13,BB SMPLY VAN SNCWCH,114
644,5882,13,BB SWEET FREEDOM VAN,288
645,5883,13,BB SWT FRDM BAN SPLIT,171
646,5884,13,BB SWT FRDM BTR PECAN,182
647,5885,13,BB SWT FRDM BUNNY TRACKS,219
648,5886,13,BB SWT FRDM NSA FUDGE BAR,115
649,5887,13,BB SWT FRDM VAN IC SNDWCH,68
650,5888,13,BB SWT FRDM VRTY PK BARS,19
651,5889,13,BB TRPL DLGHT SNDWCH,96
652,6016,13,FREAL SMOOTHIE BB RSP PMGRNTE 16OZ,17
653,6321,14,*D*BB SWT FRDM NSA FUDGE BAR 12CT,97
654,6330,14,*Z*BB FNWCH CKIES N CRM966620,41
655,6331,14,*Z*BB FNWCH VN CH CHIP966619,60
656,6332,14,*Z*BB SWT FRDM FDG LT 800134,10
657,6384,14,BB BORDEAUX CHRY CHOC,211
658,6385,14,BB CHAMP VAR PK CONES,153
659,6386,14,BB CHOC LOVERS ICRM SNDWCH,103
660,6387,14,BB MINI SWIRL CONE CHOC,86
661,6388,14,BB MINI SWIRL CRML CONES,11
662,6389,14,BB MINI SWRL BDAY PRTY CONE,9
663,6390,14,BB PREM BUNNY TRACKS,353
664,6391,14,BB PREM BUTTER PECAN,320
665,6392,14,BB PREM CHUNKY CHOC CHIP,194
666,6393,14,BB PREM COOKIES N CREAM,374
667,6394,14,BB PREM DBL STRWBRY,193
668,6395,14,BB PREM HOMEMADE CHOC,418
669,6396,14,BB PREM HOMEMADE VAN,929
670,6397,14,BB PREM MINT CHOC CHIP,274
671,6398,14,BB PREM NEAPOLITAN,211
672,6399,14,BB PREM PNUT BTTR PANIC,275
673,6400,14,BB PREM ROCKY ROAD,185
674,6401,14,BB PREM TSTD ALMND FUDGE,268
675,6402,14,BB RNBOW SHERBET CUPS 12CT,162
676,6403,14,BB SMPLY VAN SNCWCH,2
677,6404,14,BB SWEET FREEDOM VAN,162
678,6405,14,BB SWT FRDM BAN SPLIT,99
679,6406,14,BB SWT FRDM BTR PECAN,127
680,6407,14,BB SWT FRDM BUNNY TRACKS,124
681,6408,14,BB SWT FRDM NSA FUDGE BAR,97
682,6409,14,BB SWT FRDM VAN IC SNDWCH,270
683,6410,14,BB SWT FRDM VRTY PK BARS,12
684,6542,14,FREAL SMOOTHIE BB RSP PMGRNTE 16OZ,9
685,6853,15,*D*BB SWT FRDM NSA FUDGE BAR 12CT,69
686,6866,15,*Z*BB FNWCH CKIES N CRM966620,34
687,6867,15,*Z*BB FNWCH VN CH CHIP966619,28
688,6868,15,*Z*BB SWT FRDM FDG LT 800134,10
689,6920,15,BB BDAY PARTY SNDWCH,32
690,6921,15,BB BORDEAUX CHRY CHOC,254
691,6922,15,BB CHAMP VAR PK CONES,64
692,6923,15,BB CHOC LOVERS ICRM SNDWCH,78
693,6924,15,BB MINI SWIRL CONE CHOC,83
694,6925,15,BB MINI SWIRL CRML CONES,99
695,6926,15,BB MINI SWRL BDAY PRTY CONE,69
696,6927,15,BB PREM BUNNY TRACKS,452
697,6928,15,BB PREM BUTTER PECAN,415
698,6929,15,BB PREM CHUNKY CHOC CHIP,227
699,6930,15,BB PREM COOKIES N CREAM,525
700,6931,15,BB PREM DBL STRWBRY,248
701,6932,15,BB PREM HOMEMADE CHOC,497
702,6933,15,BB PREM HOMEMADE VAN,1496
703,6934,15,BB PREM MINT CHOC CHIP,401
704,6935,15,BB PREM NEAPOLITAN,258
705,6936,15,BB PREM PNUT BTTR PANIC,373
706,6937,15,BB PREM ROCKY ROAD,290
707,6938,15,BB PREM TSTD ALMND FUDGE,327
708,6939,15,BB RNBOW SHERBET CUPS 12CT,100
709,6940,15,BB SMPLY VAN SNCWCH,143
710,6941,15,BB SWEET FREEDOM VAN,195
711,6942,15,BB SWT FRDM BAN SPLIT,118
712,6943,15,BB SWT FRDM BTR PECAN,144
713,6944,15,BB SWT FRDM BUNNY TRACKS,142
714,6945,15,BB SWT FRDM NSA FUDGE BAR,69
715,6946,15,BB SWT FRDM VAN IC SNDWCH,158
716,6947,15,BB TRPL DLGHT SNDWCH,101
717,7080,15,FREAL SMOOTHIE BB RSP PMGRNTE 16OZ,9
718,7385,16,*D*BB SWT FRDM NSA FUDGE BAR 12CT,71
719,7397,16,*Z*BB FNWCH CKIES N CRM966620,24
720,7398,16,*Z*BB FNWCH VN CH CHIP966619,6
721,7399,16,*Z*BB SWT FRDM FDG LT 800134,2
722,7455,16,BB BDAY PARTY SNDWCH,24
723,7456,16,BB BORDEAUX CHRY CHOC,236
724,7457,16,BB CHAMP VAR PK CONES,39
725,7458,16,BB CHOC & VAN CUPS 12CT,858
726,7459,16,BB CHOC LOVERS ICRM SNDWCH,50
727,7460,16,BB MINI SWIRL CONE CHOC,89
728,7461,16,BB MINI SWIRL CRML CONES,75
729,7462,16,BB MINI SWRL BDAY PRTY CONE,78
730,7463,16,BB PREM BUNNY TRACKS,312
731,7464,16,BB PREM BUTTER PECAN,237
732,7465,16,BB PREM CHUNKY CHOC CHIP,197
733,7466,16,BB PREM COOKIES N CREAM,320
734,7467,16,BB PREM DBL STRWBRY,186
735,7468,16,BB PREM HOMEMADE CHOC,379
736,7469,16,BB PREM HOMEMADE VAN,697
737,7470,16,BB PREM MINT CHOC CHIP,327
738,7471,16,BB PREM NEAPOLITAN,168
739,7472,16,BB PREM PNUT BTTR PANIC,287
740,7473,16,BB PREM ROCKY ROAD,221
741,7474,16,BB PREM TSTD ALMND FUDGE,224
742,7475,16,BB RNBOW SHERBET CUPS 12CT,114
743,7476,16,BB SMPLY VAN SNCWCH,141
744,7477,16,BB SWEET FREEDOM VAN,183
745,7478,16,BB SWT FRDM BAN SPLIT,82
746,7479,16,BB SWT FRDM BTR PECAN,121
747,7480,16,BB SWT FRDM BUNNY TRACKS,120
748,7481,16,BB SWT FRDM NSA FUDGE BAR,71
749,7482,16,BB SWT FRDM VAN IC SNDWCH,142
750,7483,16,BB TRPL DLGHT SNDWCH,79
751,7498,16,BLUE BELL HMADE VAN CUPS 12CT,481
752,7906,17,*D*BB SWT FRDM NSA FUDGE BAR 12CT,95
753,7918,17,*Z*BB FNWCH CKIES N CRM966620,26
754,7919,17,*Z*BB FNWCH VN CH CHIP966619,19
755,7975,17,BB BDAY PARTY SNDWCH,48
756,7976,17,BB BORDEAUX CHRY CHOC,136
757,7977,17,BB CHAMP VAR PK CONES,73
758,7978,17,BB CHOC & VAN CUPS 12CT,815
759,7979,17,BB CHOC LOVERS ICRM SNDWCH,62
760,7980,17,BB MINI SWIRL CONE CHOC,118
761,7981,17,BB MINI SWIRL CRML CONES,82
762,7982,17,BB MINI SWRL BDAY PRTY CONE,82
763,7983,17,BB PREM BUNNY TRACKS,162
764,7984,17,BB PREM BUTTER PECAN,138
765,7985,17,BB PREM CHUNKY CHOC CHIP,97
766,7986,17,BB PREM COOKIES N CREAM,157
767,7987,17,BB PREM DBL STRWBRY,103
768,7988,17,BB PREM HOMEMADE CHOC,163
769,7989,17,BB PREM HOMEMADE VAN,237
770,7990,17,BB PREM MINT CHOC CHIP,224
771,7991,17,BB PREM NEAPOLITAN,67
772,7992,17,BB PREM PNUT BTTR PANIC,164
773,7993,17,BB PREM ROCKY ROAD,134
774,7994,17,BB PREM TSTD ALMND FUDGE,147
775,7995,17,BB RNBOW SHERBET CUPS 12CT,140
776,7996,17,BB SMPLY VAN SNCWCH,173
777,7997,17,BB SWEET FREEDOM VAN,133
778,7998,17,BB SWT FRDM BAN SPLIT,65
779,7999,17,BB SWT FRDM BTR PECAN,104
780,8000,17,BB SWT FRDM BUNNY TRACKS,103
781,8001,17,BB SWT FRDM NSA FUDGE BAR,95
782,8002,17,BB SWT FRDM VAN IC SNDWCH,204
783,8003,17,BB TRPL DLGHT SNDWCH,100
784,8019,17,BLUE BELL HMADE VAN CUPS 12CT,597
785,8133,17,FREAL SMOOTHIE BB RSP PMGRNTE 16OZ,14
786,8444,18,*D*BB SWT FRDM NSA FUDGE BAR 12CT,121
787,8459,18,*Z*BB FNWCH CKIES N CRM966620,15
788,8460,18,*Z*BB FNWCH VN CH CHIP966619,27
789,8461,18,*Z*BB SWT FRDM FDG LT 800134,1
790,8552,18,BB ALMOND BAR SINGLE 1EA,9
791,8553,18,BB BANANA FUDGE BAR,305
792,8554,18,BB BDAY PARTY SNDWCH,29
793,8555,18,BB BDAY PARTY SNDWCH 8PK,40
794,8556,18,BB BORDEAUX CHRY CHOC,152
795,8557,18,BB BULLETS 24EA,222
796,8558,18,BB CHAMP VAR PK CONES,131
797,8559,18,BB CHOC & VAN CUPS 12CT,706
798,8560,18,BB CHOC & VAN CUPS 12EA,454
799,8561,18,"BB CHOC CHIP COOKIE SINGLE 5,25OZ",169
800,8562,18,BB CHOC CHRY BARS 12PK,33
801,8563,18,BB CHOC FUDGE BAR,144
802,8564,18,BB CHOC LOVERS ICRM SNDWCH,46
803,8565,18,BB CKS/CREAM SANDWICH SINGLE 1EA,323
804,8566,18,BB CNTRY CONE CKS/CRM SGL 1EA,170
805,8567,18,BB CNTRY CONE VANILLA SINGLE 1EA,245
806,8568,18,BB CREME POPS 24EA,56
807,8569,18,BB DIPPED COCONUT FRT BARS,137
808,8570,18,BB FUDGE BOMBSTIK SINGLE 1EA,494
809,8571,18,BB GREAT DIVIDE SINGLES 1EA,28
810,8572,18,BB HOMEMADE VANILLA CUP SGL,5
811,8573,18,BB HOMEMADE VANILLA CUP SGL 1EA,294
812,8574,18,BB ICE CREAM SANDWICH 12EA,277
813,8575,18,BB ICE CREAM SANDWICH SINGLE 1EA,311
814,8576,18,BB KRUNCH BAR SINGLE 1EA,288
815,8577,18,BB LIME FRUIT BAR SNGLE,17
816,8578,18,BB MINI SANDWICH 24EA,240
817,8579,18,BB MINI SWIRL CONE CHOC,94
818,8580,18,BB MINI SWIRL CRML CONES,77
819,8581,18,BB MINI SWIRL CRML CONES 18OZ,62
820,8582,18,BB MINI SWRL BDAY PRTY CONE,86
821,8583,18,BB MINT CCHIP BARS,93
822,8584,18,BB MIXED BERRIES FRT BARS,237
823,8585,18,"BB NEAO SANDWICH SINGLE 5,75OZ",178
824,8586,18,BB NSA MOOO BARS 12EA,86
825,8587,18,BB PEACH FRUIT BAR SNGL,1
826,8588,18,BB PREM BUNNY TRACKS,133
827,8589,18,BB PREM BUTTER PECAN,139
828,8590,18,BB PREM CHUNKY CHOC CHIP,106
829,8591,18,BB PREM COOKIES N CREAM,221
830,8592,18,BB PREM DBL STRWBRY,121
831,8593,18,BB PREM HOMEMADE CHOC,206
832,8594,18,BB PREM HOMEMADE VAN,345
833,8595,18,BB PREM MINT CHOC CHIP,237
834,8596,18,BB PREM NEAPOLITAN,105
835,8597,18,BB PREM PNUT BTTR PANIC,138
836,8598,18,BB PREM ROCKY ROAD,172
837,8599,18,BB PREM TSTD ALMND FUDGE,129
838,8600,18,BB RAINBOW FREEZE SINGLE 1EA,147
839,8601,18,BB RAINBOW POP UPS SINGLE 1EA,80
840,8602,18,BB RNBOW SHERBET CUPS 12CT,124
841,8603,18,BB SMPLY VAN SNCWCH,149
842,8604,18,BB SMPLY VAN SNCWCH 8PK,110
843,8605,18,BB STRW FRUIT BARS,560
844,8606,18,BB SUNDAE CUPS,153
845,8607,18,BB SWEET FREEDOM VAN,130
846,8608,18,BB SWT FRDM BAN SPLIT,114
847,8609,18,BB SWT FRDM BTR PECAN,108
848,8610,18,BB SWT FRDM BUNNY TRACKS,121
849,8611,18,BB SWT FRDM NSA FUDGE BAR,121
850,8612,18,BB SWT FRDM VAN IC SNDWCH,218
851,8613,18,BB TRPL DLGHT SNDWCH,94
852,8614,18,BB TRPL DLGHT SNDWCH 8PK,93
853,8669,18,BLUE BELL AST SHERBET 32OZ,712
854,8670,18,BLUE BELL BANANA POPS,254
855,8671,18,BLUE BELL BRTHDAY CK CUPS 12EA,138
856,8672,18,BLUE BELL CHOC ECLAIR BAR 1EA,6
857,8673,18,BLUE BELL COCONUT FRUIT BARS,152
858,8674,18,BLUE BELL COTTON CANDY BARS,90
859,8675,18,BLUE BELL DBL VNLA IC SNDW 1EA,123
860,8676,18,BLUE BELL DREAM BAR,197
861,8677,18,BLUE BELL HMADE VAN CUPS 12CT,625
862,8678,18,BLUE BELL HMADE VAN CUPS 12EA,453
863,8679,18,BLUE BELL KRUNCH BARS 12EA,321
864,8680,18,BLUE BELL LIME FRUIT BARS,267
865,8681,18,BLUE BELL MINI CONE 12EA,174
866,8682,18,BLUE BELL MINI PARTY CONES,71
867,8683,18,BLUE BELL MOOO BAR,24
868,8684,18,BLUE BELL PEACH FRUIT BARS,48
869,8685,18,BLUE BELL SOUR POPS GREEN APPLE,46
870,8686,18,BLUE BELL STRAWBERRY DIPPED FRUIT BARS,261
871,8687,18,BLUE BELL STRWBRY SHRTCK BR 1EA,145
872,8698,18,BLUEBELL MINI RAINBOWS 24EA,132
873,8699,18,BLUEBELL MOOO BARS 12EA,390
874,8700,18,BLUEBELL NS ADDED PT 16OZ,149
875,8701,18,BLUEBELL SF BULLETS 24EA,184
876,8702,18,BLUEBELL SHERBET RAINBOW 16OZ,183
877,8892,18,FREAL SMOOTHIE BB RSP PMGRNTE 16OZ,12
